[
  {
    "pk": 1,
    "model": "auth.user",
    "fields": {
      "username": "player1",
      "first_name": "",
      "last_name": "",
      "is_active": true,
      "is_superuser": false,
      "is_staff": false,
      "last_login": "2011-05-07 16:22:41-04:00",
      "groups": [],
      "user_permissions": [],
      "password": "!",
      "email": "player1@example.com",
      "date_joined": "2011-05-07 16:22:41-04:00"
    }
  },
  {
    "pk": 2,
    "model": "auth.user",
    "fields": {
      "username": "player2",
      "first_name": "",
      "last_name": "",
      "is_active": true,
      "is_superuser": false,
      "is_staff": false,
      "last_login": "2011-05-07 16:22:41-04:00",
      "groups": [],
      "user_permissions": [],
      "password": "!",
      "email": "player2@example.com",
      "date_joined": "2011-05-07 16:22:41-04:00"
    }
  },
  {
    "pk": 3,
    "model": "auth.user",
    "fields": {
      "username": "player3",
      "first_name": "",
      "last_name": "",
      "is_active": true,
      "is_superuser": false,
      "is_staff": false,
      "last_login": "2011-05-07 16:22:41-04:00",
      "groups": [],
      "user_permissions": [],
      "password": "!",
      "email": "player3@example.com",
      "date_joined": "2011-05-07 16:22:41-04:00"
    }
  },
  {
    "pk": 4,
    "model": "auth.user",
    "fields": {
      "username": "player4",
      "first_name": "",
      "last_name": "",
      "is_active": true,
      "is_superuser": false,
      "is_staff": false,
      "last_login": "2011-05-07 16:22:41-04:00",
      "groups": [],
      "user_permissions": [],
      "password": "!",
      "email": "player4@example.com",
      "date_joined": "2011-05-07 16:22:41-04:00"
    }
  },
  {
    "pk": 5,
    "model": "auth.user",
    "fields": {
      "username": "player5",
      "first_name": "",
      "last_name": "",
      "is_active": true,
      "is_superuser": false,
      "is_staff": false,
      "last_login": "2011-05-07 16:22:41-04:00",
      "groups": [],
      "user_permissions": [],
      "password": "!",
      "email": "player5@example.com",
      "date_joined": "2011-05-07 16:22:41-04:00"
    }
  },
  {
    "pk": 6,
    "model": "auth.user",
    "fields": {
      "username": "player6",
      "first_name": "",
      "last_name": "",
      "is_active": true,
      "is_superuser": false,
      "is_staff": false,
      "last_login": "2011-05-07 16:22:41-04:00",
      "groups": [],
      "user_permissions": [],
      "password": "!",
      "email": "player6@example.com",
      "date_joined": "2011-05-07 16:22:41-04:00"
    }
  },
  {
    "pk": 7,
    "model": "auth.user",
    "fields": {
      "username": "player7",
      "first_name": "",
      "last_name": "",
      "is_active": true,
      "is_superuser": false,
      "is_staff": false,
      "last_login": "2011-05-07 16:22:41-04:00",
      "groups": [],
      "user_permissions": [],
      "password": "!",
      "email": "player7@example.com",
      "date_joined": "2011-05-07 16:22:41-04:00"
    }
  },
  {
    "pk": 1,
    "model": "diplomacy.game",
    "fields": {
      "name": "Test",
      "created": "2011-05-07 16:24:45-04:00",
      "state": "A",
      "owner": 1,
      "slug": "test"
    }
  },
  {
    "pk": 1,
    "model": "diplomacy.turn",
    "fields": {
      "generated": "2011-05-07 16:29:30-04:00",
      "season": "FA",
      "game": 1,
      "number": 4,
      "year": 1900
    }
  },
  {
    "pk": 1,
    "model": "diplomacy.government",
    "fields": {
      "game": 1,
      "name": "player1",
      "power": 1,
      "user": 1
    }
  },
  {
    "pk": 2,
    "model": "diplomacy.government",
    "fields": {
      "game": 1,
      "name": "player2",
      "power": 2,
      "user": 2
    }
  },
  {
    "pk": 3,
    "model": "diplomacy.government",
    "fields": {
      "game": 1,
      "name": "player3",
      "power": 3,
      "user": 3
    }
  },
  {
    "pk": 4,
    "model": "diplomacy.government",
    "fields": {
      "game": 1,
      "name": "player4",
      "power": 4,
      "user": 4
    }
  },
  {
    "pk": 5,
    "model": "diplomacy.government",
    "fields": {
      "game": 1,
      "name": "player5",
      "power": 5,
      "user": 5
    }
  },
  {
    "pk": 6,
    "model": "diplomacy.government",
    "fields": {
      "game": 1,
      "name": "player6",
      "power": 6,
      "user": 6
    }
  },
  {
    "pk": 7,
    "model": "diplomacy.government",
    "fields": {
      "game": 1,
      "name": "player7",
      "power": 7,
      "user": 7
    }
  },
  {
    "pk": 1,
    "model": "diplomacy.ownership",
    "fields": {
      "turn": 1,
      "territory": 19,
      "government": 4
    }
  },
  {
    "pk": 2,
    "model": "diplomacy.ownership",
    "fields": {
      "turn": 1,
      "territory": 20,
      "government": 4
    }
  },
  {
    "pk": 3,
    "model": "diplomacy.ownership",
    "fields": {
      "turn": 1,
      "territory": 21,
      "government": 4
    }
  },
  {
    "pk": 4,
    "model": "diplomacy.ownership",
    "fields": {
      "turn": 1,
      "territory": 22,
      "government": 4
    }
  },
  {
    "pk": 5,
    "model": "diplomacy.ownership",
    "fields": {
      "turn": 1,
      "territory": 23,
      "government": 4
    }
  },
  {
    "pk": 6,
    "model": "diplomacy.ownership",
    "fields": {
      "turn": 1,
      "territory": 24,
      "government": 4
    }
  },
  {
    "pk": 7,
    "model": "diplomacy.ownership",
    "fields": {
      "turn": 1,
      "territory": 1,
      "government": 1
    }
  },
  {
    "pk": 8,
    "model": "diplomacy.ownership",
    "fields": {
      "turn": 1,
      "territory": 2,
      "government": 1
    }
  },
  {
    "pk": 9,
    "model": "diplomacy.ownership",
    "fields": {
      "turn": 1,
      "territory": 3,
      "government": 1
    }
  },
  {
    "pk": 10,
    "model": "diplomacy.ownership",
    "fields": {
      "turn": 1,
      "territory": 4,
      "government": 1
    }
  },
  {
    "pk": 11,
    "model": "diplomacy.ownership",
    "fields": {
      "turn": 1,
      "territory": 5,
      "government": 1
    }
  },
  {
    "pk": 12,
    "model": "diplomacy.ownership",
    "fields": {
      "turn": 1,
      "territory": 6,
      "government": 1
    }
  },
  {
    "pk": 13,
    "model": "diplomacy.ownership",
    "fields": {
      "turn": 1,
      "territory": 13,
      "government": 3
    }
  },
  {
    "pk": 14,
    "model": "diplomacy.ownership",
    "fields": {
      "turn": 1,
      "territory": 14,
      "government": 3
    }
  },
  {
    "pk": 15,
    "model": "diplomacy.ownership",
    "fields": {
      "turn": 1,
      "territory": 15,
      "government": 3
    }
  },
  {
    "pk": 16,
    "model": "diplomacy.ownership",
    "fields": {
      "turn": 1,
      "territory": 16,
      "government": 3
    }
  },
  {
    "pk": 17,
    "model": "diplomacy.ownership",
    "fields": {
      "turn": 1,
      "territory": 17,
      "government": 3
    }
  },
  {
    "pk": 18,
    "model": "diplomacy.ownership",
    "fields": {
      "turn": 1,
      "territory": 18,
      "government": 3
    }
  },
  {
    "pk": 19,
    "model": "diplomacy.ownership",
    "fields": {
      "turn": 1,
      "territory": 31,
      "government": 6
    }
  },
  {
    "pk": 20,
    "model": "diplomacy.ownership",
    "fields": {
      "turn": 1,
      "territory": 32,
      "government": 6
    }
  },
  {
    "pk": 21,
    "model": "diplomacy.ownership",
    "fields": {
      "turn": 1,
      "territory": 33,
      "government": 6
    }
  },
  {
    "pk": 22,
    "model": "diplomacy.ownership",
    "fields": {
      "turn": 1,
      "territory": 34,
      "government": 6
    }
  },
  {
    "pk": 23,
    "model": "diplomacy.ownership",
    "fields": {
      "turn": 1,
      "territory": 35,
      "government": 6
    }
  },
  {
    "pk": 24,
    "model": "diplomacy.ownership",
    "fields": {
      "turn": 1,
      "territory": 36,
      "government": 6
    }
  },
  {
    "pk": 25,
    "model": "diplomacy.ownership",
    "fields": {
      "turn": 1,
      "territory": 37,
      "government": 6
    }
  },
  {
    "pk": 26,
    "model": "diplomacy.ownership",
    "fields": {
      "turn": 1,
      "territory": 38,
      "government": 7
    }
  },
  {
    "pk": 27,
    "model": "diplomacy.ownership",
    "fields": {
      "turn": 1,
      "territory": 39,
      "government": 7
    }
  },
  {
    "pk": 28,
    "model": "diplomacy.ownership",
    "fields": {
      "turn": 1,
      "territory": 40,
      "government": 7
    }
  },
  {
    "pk": 29,
    "model": "diplomacy.ownership",
    "fields": {
      "turn": 1,
      "territory": 41,
      "government": 7
    }
  },
  {
    "pk": 30,
    "model": "diplomacy.ownership",
    "fields": {
      "turn": 1,
      "territory": 42,
      "government": 7
    }
  },
  {
    "pk": 31,
    "model": "diplomacy.ownership",
    "fields": {
      "turn": 1,
      "territory": 7,
      "government": 2
    }
  },
  {
    "pk": 32,
    "model": "diplomacy.ownership",
    "fields": {
      "turn": 1,
      "territory": 8,
      "government": 2
    }
  },
  {
    "pk": 33,
    "model": "diplomacy.ownership",
    "fields": {
      "turn": 1,
      "territory": 9,
      "government": 2
    }
  },
  {
    "pk": 34,
    "model": "diplomacy.ownership",
    "fields": {
      "turn": 1,
      "territory": 10,
      "government": 2
    }
  },
  {
    "pk": 35,
    "model": "diplomacy.ownership",
    "fields": {
      "turn": 1,
      "territory": 11,
      "government": 2
    }
  },
  {
    "pk": 36,
    "model": "diplomacy.ownership",
    "fields": {
      "turn": 1,
      "territory": 12,
      "government": 2
    }
  },
  {
    "pk": 37,
    "model": "diplomacy.ownership",
    "fields": {
      "turn": 1,
      "territory": 25,
      "government": 5
    }
  },
  {
    "pk": 38,
    "model": "diplomacy.ownership",
    "fields": {
      "turn": 1,
      "territory": 26,
      "government": 5
    }
  },
  {
    "pk": 39,
    "model": "diplomacy.ownership",
    "fields": {
      "turn": 1,
      "territory": 27,
      "government": 5
    }
  },
  {
    "pk": 40,
    "model": "diplomacy.ownership",
    "fields": {
      "turn": 1,
      "territory": 28,
      "government": 5
    }
  },
  {
    "pk": 41,
    "model": "diplomacy.ownership",
    "fields": {
      "turn": 1,
      "territory": 29,
      "government": 5
    }
  },
  {
    "pk": 42,
    "model": "diplomacy.ownership",
    "fields": {
      "turn": 1,
      "territory": 30,
      "government": 5
    }
  }
]
