[
  {
    "pk": 1, 
    "model": "diplomacy.power", 
    "fields": {
      "name": "Austria-Hungary"
    }
  }, 
  {
    "pk": 2, 
    "model": "diplomacy.power", 
    "fields": {
      "name": "England"
    }
  }, 
  {
    "pk": 3, 
    "model": "diplomacy.power", 
    "fields": {
      "name": "France"
    }
  }, 
  {
    "pk": 4, 
    "model": "diplomacy.power", 
    "fields": {
      "name": "Germany"
    }
  }, 
  {
    "pk": 5, 
    "model": "diplomacy.power", 
    "fields": {
      "name": "Italy"
    }
  }, 
  {
    "pk": 6, 
    "model": "diplomacy.power", 
    "fields": {
      "name": "Russia"
    }
  }, 
  {
    "pk": 7, 
    "model": "diplomacy.power", 
    "fields": {
      "name": "Turkey"
    }
  }, 
  {
    "pk": 1, 
    "model": "diplomacy.territory", 
    "fields": {
      "is_supply": false, 
      "name": "Bohemia", 
      "power": 1
    }
  }, 
  {
    "pk": 2, 
    "model": "diplomacy.territory", 
    "fields": {
      "is_supply": true, 
      "name": "Budapest", 
      "power": 1
    }
  }, 
  {
    "pk": 3, 
    "model": "diplomacy.territory", 
    "fields": {
      "is_supply": false, 
      "name": "Galicia", 
      "power": 1
    }
  }, 
  {
    "pk": 4, 
    "model": "diplomacy.territory", 
    "fields": {
      "is_supply": true, 
      "name": "Trieste", 
      "power": 1
    }
  }, 
  {
    "pk": 5, 
    "model": "diplomacy.territory", 
    "fields": {
      "is_supply": false, 
      "name": "Tyrolia", 
      "power": 1
    }
  }, 
  {
    "pk": 6, 
    "model": "diplomacy.territory", 
    "fields": {
      "is_supply": true, 
      "name": "Vienna", 
      "power": 1
    }
  }, 
  {
    "pk": 7, 
    "model": "diplomacy.territory", 
    "fields": {
      "is_supply": false, 
      "name": "Clyde", 
      "power": 2
    }
  }, 
  {
    "pk": 8, 
    "model": "diplomacy.territory", 
    "fields": {
      "is_supply": true, 
      "name": "Edinburgh", 
      "power": 2
    }
  }, 
  {
    "pk": 9, 
    "model": "diplomacy.territory", 
    "fields": {
      "is_supply": true, 
      "name": "Liverpool", 
      "power": 2
    }
  }, 
  {
    "pk": 10, 
    "model": "diplomacy.territory", 
    "fields": {
      "is_supply": true, 
      "name": "London", 
      "power": 2
    }
  }, 
  {
    "pk": 11, 
    "model": "diplomacy.territory", 
    "fields": {
      "is_supply": false, 
      "name": "Wales", 
      "power": 2
    }
  }, 
  {
    "pk": 12, 
    "model": "diplomacy.territory", 
    "fields": {
      "is_supply": false, 
      "name": "Yorkshire", 
      "power": 2
    }
  }, 
  {
    "pk": 13, 
    "model": "diplomacy.territory", 
    "fields": {
      "is_supply": true, 
      "name": "Brest", 
      "power": 3
    }
  }, 
  {
    "pk": 14, 
    "model": "diplomacy.territory", 
    "fields": {
      "is_supply": false, 
      "name": "Burgundy", 
      "power": 3
    }
  }, 
  {
    "pk": 15, 
    "model": "diplomacy.territory", 
    "fields": {
      "is_supply": false, 
      "name": "Gascony", 
      "power": 3
    }
  }, 
  {
    "pk": 16, 
    "model": "diplomacy.territory", 
    "fields": {
      "is_supply": true, 
      "name": "Marseilles", 
      "power": 3
    }
  }, 
  {
    "pk": 17, 
    "model": "diplomacy.territory", 
    "fields": {
      "is_supply": true, 
      "name": "Paris", 
      "power": 3
    }
  }, 
  {
    "pk": 18, 
    "model": "diplomacy.territory", 
    "fields": {
      "is_supply": false, 
      "name": "Picardy", 
      "power": 3
    }
  }, 
  {
    "pk": 19, 
    "model": "diplomacy.territory", 
    "fields": {
      "is_supply": true, 
      "name": "Berlin", 
      "power": 4
    }
  }, 
  {
    "pk": 20, 
    "model": "diplomacy.territory", 
    "fields": {
      "is_supply": true, 
      "name": "Kiel", 
      "power": 4
    }
  }, 
  {
    "pk": 21, 
    "model": "diplomacy.territory", 
    "fields": {
      "is_supply": true, 
      "name": "Munich", 
      "power": 4
    }
  }, 
  {
    "pk": 22, 
    "model": "diplomacy.territory", 
    "fields": {
      "is_supply": false, 
      "name": "Prussia", 
      "power": 4
    }
  }, 
  {
    "pk": 23, 
    "model": "diplomacy.territory", 
    "fields": {
      "is_supply": false, 
      "name": "Ruhr", 
      "power": 4
    }
  }, 
  {
    "pk": 24, 
    "model": "diplomacy.territory", 
    "fields": {
      "is_supply": false, 
      "name": "Silesia", 
      "power": 4
    }
  }, 
  {
    "pk": 25, 
    "model": "diplomacy.territory", 
    "fields": {
      "is_supply": false, 
      "name": "Apulia", 
      "power": 5
    }
  }, 
  {
    "pk": 26, 
    "model": "diplomacy.territory", 
    "fields": {
      "is_supply": true, 
      "name": "Naples", 
      "power": 5
    }
  }, 
  {
    "pk": 27, 
    "model": "diplomacy.territory", 
    "fields": {
      "is_supply": false, 
      "name": "Piedmont", 
      "power": 5
    }
  }, 
  {
    "pk": 28, 
    "model": "diplomacy.territory", 
    "fields": {
      "is_supply": true, 
      "name": "Rome", 
      "power": 5
    }
  }, 
  {
    "pk": 29, 
    "model": "diplomacy.territory", 
    "fields": {
      "is_supply": false, 
      "name": "Tuscany", 
      "power": 5
    }
  }, 
  {
    "pk": 30, 
    "model": "diplomacy.territory", 
    "fields": {
      "is_supply": true, 
      "name": "Venice", 
      "power": 5
    }
  }, 
  {
    "pk": 31, 
    "model": "diplomacy.territory", 
    "fields": {
      "is_supply": false, 
      "name": "Finland", 
      "power": 6
    }
  }, 
  {
    "pk": 32, 
    "model": "diplomacy.territory", 
    "fields": {
      "is_supply": false, 
      "name": "Livonia", 
      "power": 6
    }
  }, 
  {
    "pk": 33, 
    "model": "diplomacy.territory", 
    "fields": {
      "is_supply": true, 
      "name": "Moscow", 
      "power": 6
    }
  }, 
  {
    "pk": 34, 
    "model": "diplomacy.territory", 
    "fields": {
      "is_supply": true, 
      "name": "Sevastopol", 
      "power": 6
    }
  }, 
  {
    "pk": 35, 
    "model": "diplomacy.territory", 
    "fields": {
      "is_supply": true, 
      "name": "St. Petersburg", 
      "power": 6
    }
  }, 
  {
    "pk": 36, 
    "model": "diplomacy.territory", 
    "fields": {
      "is_supply": false, 
      "name": "Ukraine", 
      "power": 6
    }
  }, 
  {
    "pk": 37, 
    "model": "diplomacy.territory", 
    "fields": {
      "is_supply": true, 
      "name": "Warsaw", 
      "power": 6
    }
  }, 
  {
    "pk": 38, 
    "model": "diplomacy.territory", 
    "fields": {
      "is_supply": true, 
      "name": "Ankara", 
      "power": 7
    }
  }, 
  {
    "pk": 39, 
    "model": "diplomacy.territory", 
    "fields": {
      "is_supply": false, 
      "name": "Armenia", 
      "power": 7
    }
  }, 
  {
    "pk": 40, 
    "model": "diplomacy.territory", 
    "fields": {
      "is_supply": true, 
      "name": "Constantinople", 
      "power": 7
    }
  }, 
  {
    "pk": 41, 
    "model": "diplomacy.territory", 
    "fields": {
      "is_supply": true, 
      "name": "Smyrna", 
      "power": 7
    }
  }, 
  {
    "pk": 42, 
    "model": "diplomacy.territory", 
    "fields": {
      "is_supply": false, 
      "name": "Syria", 
      "power": 7
    }
  }, 
  {
    "pk": 43, 
    "model": "diplomacy.territory", 
    "fields": {
      "is_supply": false, 
      "name": "Albania", 
      "power": null
    }
  }, 
  {
    "pk": 44, 
    "model": "diplomacy.territory", 
    "fields": {
      "is_supply": true, 
      "name": "Belgium", 
      "power": null
    }
  }, 
  {
    "pk": 45, 
    "model": "diplomacy.territory", 
    "fields": {
      "is_supply": true, 
      "name": "Bulgaria", 
      "power": null
    }
  }, 
  {
    "pk": 46, 
    "model": "diplomacy.territory", 
    "fields": {
      "is_supply": true, 
      "name": "Denmark", 
      "power": null
    }
  }, 
  {
    "pk": 47, 
    "model": "diplomacy.territory", 
    "fields": {
      "is_supply": true, 
      "name": "Greece", 
      "power": null
    }
  }, 
  {
    "pk": 48, 
    "model": "diplomacy.territory", 
    "fields": {
      "is_supply": true, 
      "name": "Holland", 
      "power": null
    }
  }, 
  {
    "pk": 49, 
    "model": "diplomacy.territory", 
    "fields": {
      "is_supply": true, 
      "name": "Norway", 
      "power": null
    }
  }, 
  {
    "pk": 50, 
    "model": "diplomacy.territory", 
    "fields": {
      "is_supply": false, 
      "name": "North Africa", 
      "power": null
    }
  }, 
  {
    "pk": 51, 
    "model": "diplomacy.territory", 
    "fields": {
      "is_supply": true, 
      "name": "Portugal", 
      "power": null
    }
  }, 
  {
    "pk": 52, 
    "model": "diplomacy.territory", 
    "fields": {
      "is_supply": true, 
      "name": "Rumania", 
      "power": null
    }
  }, 
  {
    "pk": 53, 
    "model": "diplomacy.territory", 
    "fields": {
      "is_supply": true, 
      "name": "Serbia", 
      "power": null
    }
  }, 
  {
    "pk": 54, 
    "model": "diplomacy.territory", 
    "fields": {
      "is_supply": true, 
      "name": "Spain", 
      "power": null
    }
  }, 
  {
    "pk": 55, 
    "model": "diplomacy.territory", 
    "fields": {
      "is_supply": true, 
      "name": "Sweden", 
      "power": null
    }
  }, 
  {
    "pk": 56, 
    "model": "diplomacy.territory", 
    "fields": {
      "is_supply": true, 
      "name": "Tunisia", 
      "power": null
    }
  }, 
  {
    "pk": 57, 
    "model": "diplomacy.territory", 
    "fields": {
      "is_supply": false, 
      "name": "Adriatic Sea", 
      "power": null
    }
  }, 
  {
    "pk": 58, 
    "model": "diplomacy.territory", 
    "fields": {
      "is_supply": false, 
      "name": "Aegean Sea", 
      "power": null
    }
  }, 
  {
    "pk": 59, 
    "model": "diplomacy.territory", 
    "fields": {
      "is_supply": false, 
      "name": "Baltic Sea", 
      "power": null
    }
  }, 
  {
    "pk": 60, 
    "model": "diplomacy.territory", 
    "fields": {
      "is_supply": false, 
      "name": "Barents Sea", 
      "power": null
    }
  }, 
  {
    "pk": 61, 
    "model": "diplomacy.territory", 
    "fields": {
      "is_supply": false, 
      "name": "Black Sea", 
      "power": null
    }
  }, 
  {
    "pk": 62, 
    "model": "diplomacy.territory", 
    "fields": {
      "is_supply": false, 
      "name": "Eastern Mediterranean", 
      "power": null
    }
  }, 
  {
    "pk": 63, 
    "model": "diplomacy.territory", 
    "fields": {
      "is_supply": false, 
      "name": "English Channel", 
      "power": null
    }
  }, 
  {
    "pk": 64, 
    "model": "diplomacy.territory", 
    "fields": {
      "is_supply": false, 
      "name": "Gulf of Bothnia", 
      "power": null
    }
  }, 
  {
    "pk": 65, 
    "model": "diplomacy.territory", 
    "fields": {
      "is_supply": false, 
      "name": "Gulf of Lyon", 
      "power": null
    }
  }, 
  {
    "pk": 66, 
    "model": "diplomacy.territory", 
    "fields": {
      "is_supply": false, 
      "name": "Helgoland Bight", 
      "power": null
    }
  }, 
  {
    "pk": 67, 
    "model": "diplomacy.territory", 
    "fields": {
      "is_supply": false, 
      "name": "Ionian Sea", 
      "power": null
    }
  }, 
  {
    "pk": 68, 
    "model": "diplomacy.territory", 
    "fields": {
      "is_supply": false, 
      "name": "Irish Sea", 
      "power": null
    }
  }, 
  {
    "pk": 69, 
    "model": "diplomacy.territory", 
    "fields": {
      "is_supply": false, 
      "name": "Mid-Atlantic Ocean", 
      "power": null
    }
  }, 
  {
    "pk": 70, 
    "model": "diplomacy.territory", 
    "fields": {
      "is_supply": false, 
      "name": "North Atlantic Ocean", 
      "power": null
    }
  }, 
  {
    "pk": 71, 
    "model": "diplomacy.territory", 
    "fields": {
      "is_supply": false, 
      "name": "North Sea", 
      "power": null
    }
  }, 
  {
    "pk": 72, 
    "model": "diplomacy.territory", 
    "fields": {
      "is_supply": false, 
      "name": "Norwegian Sea", 
      "power": null
    }
  }, 
  {
    "pk": 73, 
    "model": "diplomacy.territory", 
    "fields": {
      "is_supply": false, 
      "name": "Skagerrak", 
      "power": null
    }
  }, 
  {
    "pk": 74, 
    "model": "diplomacy.territory", 
    "fields": {
      "is_supply": false, 
      "name": "Tyrrhenian Sea", 
      "power": null
    }
  }, 
  {
    "pk": 75, 
    "model": "diplomacy.territory", 
    "fields": {
      "is_supply": false, 
      "name": "Western Mediterranean", 
      "power": null
    }
  }, 
  {
    "pk": 1, 
    "model": "diplomacy.subregion", 
    "fields": {
      "sr_type": "L", 
      "borders": [
        3, 
        6, 
        7, 
        34, 
        38
      ], 
      "territory": 1, 
      "subname": "", 
      "init_unit": false
    }
  }, 
  {
    "pk": 2, 
    "model": "diplomacy.subregion", 
    "fields": {
      "sr_type": "L", 
      "borders": [
        3, 
        4, 
        7, 
        92, 
        94
      ], 
      "territory": 2, 
      "subname": "", 
      "init_unit": true
    }
  }, 
  {
    "pk": 3, 
    "model": "diplomacy.subregion", 
    "fields": {
      "sr_type": "L", 
      "borders": [
        1, 
        2, 
        7, 
        38, 
        61, 
        62, 
        92
      ], 
      "territory": 3, 
      "subname": "", 
      "init_unit": false
    }
  }, 
  {
    "pk": 4, 
    "model": "diplomacy.subregion", 
    "fields": {
      "sr_type": "L", 
      "borders": [
        2, 
        6, 
        7, 
        49, 
        73, 
        94
      ], 
      "territory": 4, 
      "subname": "", 
      "init_unit": false
    }
  }, 
  {
    "pk": 5, 
    "model": "diplomacy.subregion", 
    "fields": {
      "sr_type": "S", 
      "borders": [
        50, 
        74, 
        102
      ], 
      "territory": 4, 
      "subname": "", 
      "init_unit": true
    }
  }, 
  {
    "pk": 6, 
    "model": "diplomacy.subregion", 
    "fields": {
      "sr_type": "L", 
      "borders": [
        1, 
        4, 
        7, 
        34, 
        43, 
        49
      ], 
      "territory": 5, 
      "subname": "", 
      "init_unit": false
    }
  }, 
  {
    "pk": 7, 
    "model": "diplomacy.subregion", 
    "fields": {
      "sr_type": "L", 
      "borders": [
        1, 
        2, 
        3, 
        4, 
        6
      ], 
      "territory": 6, 
      "subname": "", 
      "init_unit": true
    }
  }, 
  {
    "pk": 8, 
    "model": "diplomacy.subregion", 
    "fields": {
      "sr_type": "L", 
      "borders": [
        10, 
        12
      ], 
      "territory": 7, 
      "subname": "", 
      "init_unit": false
    }
  }, 
  {
    "pk": 9, 
    "model": "diplomacy.subregion", 
    "fields": {
      "sr_type": "S", 
      "borders": [
        11, 
        13, 
        115, 
        117
      ], 
      "territory": 7, 
      "subname": "", 
      "init_unit": false
    }
  }, 
  {
    "pk": 10, 
    "model": "diplomacy.subregion", 
    "fields": {
      "sr_type": "L", 
      "borders": [
        8, 
        12, 
        18
      ], 
      "territory": 8, 
      "subname": "", 
      "init_unit": false
    }
  }, 
  {
    "pk": 11, 
    "model": "diplomacy.subregion", 
    "fields": {
      "sr_type": "S", 
      "borders": [
        9, 
        19, 
        116, 
        117
      ], 
      "territory": 8, 
      "subname": "", 
      "init_unit": true
    }
  }, 
  {
    "pk": 12, 
    "model": "diplomacy.subregion", 
    "fields": {
      "sr_type": "L", 
      "borders": [
        8, 
        10, 
        16, 
        18
      ], 
      "territory": 9, 
      "subname": "", 
      "init_unit": true
    }
  }, 
  {
    "pk": 13, 
    "model": "diplomacy.subregion", 
    "fields": {
      "sr_type": "S", 
      "borders": [
        9, 
        17, 
        113, 
        115
      ], 
      "territory": 9, 
      "subname": "", 
      "init_unit": false
    }
  }, 
  {
    "pk": 14, 
    "model": "diplomacy.subregion", 
    "fields": {
      "sr_type": "L", 
      "borders": [
        16, 
        18
      ], 
      "territory": 10, 
      "subname": "", 
      "init_unit": false
    }
  }, 
  {
    "pk": 15, 
    "model": "diplomacy.subregion", 
    "fields": {
      "sr_type": "S", 
      "borders": [
        17, 
        19, 
        108, 
        116
      ], 
      "territory": 10, 
      "subname": "", 
      "init_unit": true
    }
  }, 
  {
    "pk": 16, 
    "model": "diplomacy.subregion", 
    "fields": {
      "sr_type": "L", 
      "borders": [
        12, 
        14, 
        18
      ], 
      "territory": 11, 
      "subname": "", 
      "init_unit": false
    }
  }, 
  {
    "pk": 17, 
    "model": "diplomacy.subregion", 
    "fields": {
      "sr_type": "S", 
      "borders": [
        13, 
        15, 
        108, 
        113
      ], 
      "territory": 11, 
      "subname": "", 
      "init_unit": false
    }
  }, 
  {
    "pk": 18, 
    "model": "diplomacy.subregion", 
    "fields": {
      "sr_type": "L", 
      "borders": [
        10, 
        12, 
        14, 
        16
      ], 
      "territory": 12, 
      "subname": "", 
      "init_unit": false
    }
  }, 
  {
    "pk": 19, 
    "model": "diplomacy.subregion", 
    "fields": {
      "sr_type": "S", 
      "borders": [
        11, 
        15, 
        116
      ], 
      "territory": 12, 
      "subname": "", 
      "init_unit": false
    }
  }, 
  {
    "pk": 20, 
    "model": "diplomacy.subregion", 
    "fields": {
      "sr_type": "L", 
      "borders": [
        23, 
        27, 
        28
      ], 
      "territory": 13, 
      "subname": "", 
      "init_unit": false
    }
  }, 
  {
    "pk": 21, 
    "model": "diplomacy.subregion", 
    "fields": {
      "sr_type": "S", 
      "borders": [
        24, 
        29, 
        108, 
        114
      ], 
      "territory": 13, 
      "subname": "", 
      "init_unit": true
    }
  }, 
  {
    "pk": 22, 
    "model": "diplomacy.subregion", 
    "fields": {
      "sr_type": "L", 
      "borders": [
        23, 
        25, 
        27, 
        28, 
        34, 
        37, 
        75
      ], 
      "territory": 14, 
      "subname": "", 
      "init_unit": false
    }
  }, 
  {
    "pk": 23, 
    "model": "diplomacy.subregion", 
    "fields": {
      "sr_type": "L", 
      "borders": [
        20, 
        22, 
        25, 
        27, 
        95
      ], 
      "territory": 15, 
      "subname": "", 
      "init_unit": false
    }
  }, 
  {
    "pk": 24, 
    "model": "diplomacy.subregion", 
    "fields": {
      "sr_type": "S", 
      "borders": [
        21, 
        96, 
        114
      ], 
      "territory": 15, 
      "subname": "", 
      "init_unit": false
    }
  }, 
  {
    "pk": 25, 
    "model": "diplomacy.subregion", 
    "fields": {
      "sr_type": "L", 
      "borders": [
        22, 
        23, 
        43, 
        95
      ], 
      "territory": 16, 
      "subname": "", 
      "init_unit": true
    }
  }, 
  {
    "pk": 26, 
    "model": "diplomacy.subregion", 
    "fields": {
      "sr_type": "S", 
      "borders": [
        44, 
        97, 
        110
      ], 
      "territory": 16, 
      "subname": "", 
      "init_unit": false
    }
  }, 
  {
    "pk": 27, 
    "model": "diplomacy.subregion", 
    "fields": {
      "sr_type": "L", 
      "borders": [
        20, 
        22, 
        23, 
        28
      ], 
      "territory": 17, 
      "subname": "", 
      "init_unit": true
    }
  }, 
  {
    "pk": 28, 
    "model": "diplomacy.subregion", 
    "fields": {
      "sr_type": "L", 
      "borders": [
        20, 
        22, 
        27, 
        75
      ], 
      "territory": 18, 
      "subname": "", 
      "init_unit": false
    }
  }, 
  {
    "pk": 29, 
    "model": "diplomacy.subregion", 
    "fields": {
      "sr_type": "S", 
      "borders": [
        21, 
        76, 
        108
      ], 
      "territory": 18, 
      "subname": "", 
      "init_unit": false
    }
  }, 
  {
    "pk": 30, 
    "model": "diplomacy.subregion", 
    "fields": {
      "sr_type": "L", 
      "borders": [
        32, 
        34, 
        35, 
        38
      ], 
      "territory": 19, 
      "subname": "", 
      "init_unit": true
    }
  }, 
  {
    "pk": 31, 
    "model": "diplomacy.subregion", 
    "fields": {
      "sr_type": "S", 
      "borders": [
        33, 
        36, 
        104
      ], 
      "territory": 19, 
      "subname": "", 
      "init_unit": false
    }
  }, 
  {
    "pk": 32, 
    "model": "diplomacy.subregion", 
    "fields": {
      "sr_type": "L", 
      "borders": [
        30, 
        34, 
        37, 
        80, 
        84
      ], 
      "territory": 20, 
      "subname": "", 
      "init_unit": false
    }
  }, 
  {
    "pk": 33, 
    "model": "diplomacy.subregion", 
    "fields": {
      "sr_type": "S", 
      "borders": [
        31, 
        81, 
        85, 
        104, 
        111
      ], 
      "territory": 20, 
      "subname": "", 
      "init_unit": true
    }
  }, 
  {
    "pk": 34, 
    "model": "diplomacy.subregion", 
    "fields": {
      "sr_type": "L", 
      "borders": [
        1, 
        6, 
        22, 
        30, 
        32, 
        37, 
        38
      ], 
      "territory": 21, 
      "subname": "", 
      "init_unit": true
    }
  }, 
  {
    "pk": 35, 
    "model": "diplomacy.subregion", 
    "fields": {
      "sr_type": "L", 
      "borders": [
        30, 
        38, 
        53, 
        62
      ], 
      "territory": 22, 
      "subname": "", 
      "init_unit": false
    }
  }, 
  {
    "pk": 36, 
    "model": "diplomacy.subregion", 
    "fields": {
      "sr_type": "S", 
      "borders": [
        31, 
        54, 
        104
      ], 
      "territory": 22, 
      "subname": "", 
      "init_unit": false
    }
  }, 
  {
    "pk": 37, 
    "model": "diplomacy.subregion", 
    "fields": {
      "sr_type": "L", 
      "borders": [
        22, 
        32, 
        34, 
        75, 
        84
      ], 
      "territory": 23, 
      "subname": "", 
      "init_unit": false
    }
  }, 
  {
    "pk": 38, 
    "model": "diplomacy.subregion", 
    "fields": {
      "sr_type": "L", 
      "borders": [
        1, 
        3, 
        30, 
        34, 
        35, 
        62
      ], 
      "territory": 24, 
      "subname": "", 
      "init_unit": false
    }
  }, 
  {
    "pk": 39, 
    "model": "diplomacy.subregion", 
    "fields": {
      "sr_type": "L", 
      "borders": [
        41, 
        45, 
        49
      ], 
      "territory": 25, 
      "subname": "", 
      "init_unit": false
    }
  }, 
  {
    "pk": 40, 
    "model": "diplomacy.subregion", 
    "fields": {
      "sr_type": "S", 
      "borders": [
        42, 
        50, 
        102, 
        112
      ], 
      "territory": 25, 
      "subname": "", 
      "init_unit": false
    }
  }, 
  {
    "pk": 41, 
    "model": "diplomacy.subregion", 
    "fields": {
      "sr_type": "L", 
      "borders": [
        39, 
        45
      ], 
      "territory": 26, 
      "subname": "", 
      "init_unit": false
    }
  }, 
  {
    "pk": 42, 
    "model": "diplomacy.subregion", 
    "fields": {
      "sr_type": "S", 
      "borders": [
        40, 
        46, 
        112, 
        119
      ], 
      "territory": 26, 
      "subname": "", 
      "init_unit": true
    }
  }, 
  {
    "pk": 43, 
    "model": "diplomacy.subregion", 
    "fields": {
      "sr_type": "L", 
      "borders": [
        6, 
        25, 
        47, 
        49
      ], 
      "territory": 27, 
      "subname": "", 
      "init_unit": false
    }
  }, 
  {
    "pk": 44, 
    "model": "diplomacy.subregion", 
    "fields": {
      "sr_type": "S", 
      "borders": [
        26, 
        48, 
        110
      ], 
      "territory": 27, 
      "subname": "", 
      "init_unit": false
    }
  }, 
  {
    "pk": 45, 
    "model": "diplomacy.subregion", 
    "fields": {
      "sr_type": "L", 
      "borders": [
        39, 
        41, 
        47, 
        49
      ], 
      "territory": 28, 
      "subname": "", 
      "init_unit": true
    }
  }, 
  {
    "pk": 46, 
    "model": "diplomacy.subregion", 
    "fields": {
      "sr_type": "S", 
      "borders": [
        42, 
        48, 
        119
      ], 
      "territory": 28, 
      "subname": "", 
      "init_unit": false
    }
  }, 
  {
    "pk": 47, 
    "model": "diplomacy.subregion", 
    "fields": {
      "sr_type": "L", 
      "borders": [
        43, 
        45, 
        49
      ], 
      "territory": 29, 
      "subname": "", 
      "init_unit": false
    }
  }, 
  {
    "pk": 48, 
    "model": "diplomacy.subregion", 
    "fields": {
      "sr_type": "S", 
      "borders": [
        44, 
        46, 
        110, 
        119
      ], 
      "territory": 29, 
      "subname": "", 
      "init_unit": false
    }
  }, 
  {
    "pk": 49, 
    "model": "diplomacy.subregion", 
    "fields": {
      "sr_type": "L", 
      "borders": [
        4, 
        6, 
        39, 
        43, 
        45, 
        47
      ], 
      "territory": 30, 
      "subname": "", 
      "init_unit": true
    }
  }, 
  {
    "pk": 50, 
    "model": "diplomacy.subregion", 
    "fields": {
      "sr_type": "S", 
      "borders": [
        5, 
        40, 
        102
      ], 
      "territory": 30, 
      "subname": "", 
      "init_unit": false
    }
  }, 
  {
    "pk": 51, 
    "model": "diplomacy.subregion", 
    "fields": {
      "sr_type": "L", 
      "borders": [
        58, 
        86, 
        98
      ], 
      "territory": 31, 
      "subname": "", 
      "init_unit": false
    }
  }, 
  {
    "pk": 52, 
    "model": "diplomacy.subregion", 
    "fields": {
      "sr_type": "S", 
      "borders": [
        60, 
        99, 
        109
      ], 
      "territory": 31, 
      "subname": "", 
      "init_unit": false
    }
  }, 
  {
    "pk": 53, 
    "model": "diplomacy.subregion", 
    "fields": {
      "sr_type": "L", 
      "borders": [
        35, 
        55, 
        58, 
        62
      ], 
      "territory": 32, 
      "subname": "", 
      "init_unit": false
    }
  }, 
  {
    "pk": 54, 
    "model": "diplomacy.subregion", 
    "fields": {
      "sr_type": "S", 
      "borders": [
        36, 
        60, 
        104, 
        109
      ], 
      "territory": 32, 
      "subname": "", 
      "init_unit": false
    }
  }, 
  {
    "pk": 55, 
    "model": "diplomacy.subregion", 
    "fields": {
      "sr_type": "L", 
      "borders": [
        53, 
        56, 
        58, 
        61, 
        62
      ], 
      "territory": 33, 
      "subname": "", 
      "init_unit": true
    }
  }, 
  {
    "pk": 56, 
    "model": "diplomacy.subregion", 
    "fields": {
      "sr_type": "L", 
      "borders": [
        55, 
        61, 
        65, 
        92
      ], 
      "territory": 34, 
      "subname": "", 
      "init_unit": false
    }
  }, 
  {
    "pk": 57, 
    "model": "diplomacy.subregion", 
    "fields": {
      "sr_type": "S", 
      "borders": [
        66, 
        93, 
        106
      ], 
      "territory": 34, 
      "subname": "", 
      "init_unit": true
    }
  }, 
  {
    "pk": 58, 
    "model": "diplomacy.subregion", 
    "fields": {
      "sr_type": "L", 
      "borders": [
        51, 
        53, 
        55, 
        86
      ], 
      "territory": 35, 
      "subname": "", 
      "init_unit": false
    }
  }, 
  {
    "pk": 59, 
    "model": "diplomacy.subregion", 
    "fields": {
      "sr_type": "S", 
      "borders": [
        87, 
        105
      ], 
      "territory": 35, 
      "subname": "NC", 
      "init_unit": false
    }
  }, 
  {
    "pk": 60, 
    "model": "diplomacy.subregion", 
    "fields": {
      "sr_type": "S", 
      "borders": [
        52, 
        54, 
        109
      ], 
      "territory": 35, 
      "subname": "SC", 
      "init_unit": true
    }
  }, 
  {
    "pk": 61, 
    "model": "diplomacy.subregion", 
    "fields": {
      "sr_type": "L", 
      "borders": [
        3, 
        55, 
        56, 
        62, 
        92
      ], 
      "territory": 36, 
      "subname": "", 
      "init_unit": false
    }
  }, 
  {
    "pk": 62, 
    "model": "diplomacy.subregion", 
    "fields": {
      "sr_type": "L", 
      "borders": [
        3, 
        35, 
        38, 
        53, 
        55, 
        61
      ], 
      "territory": 37, 
      "subname": "", 
      "init_unit": true
    }
  }, 
  {
    "pk": 63, 
    "model": "diplomacy.subregion", 
    "fields": {
      "sr_type": "L", 
      "borders": [
        65, 
        67, 
        69
      ], 
      "territory": 38, 
      "subname": "", 
      "init_unit": false
    }
  }, 
  {
    "pk": 64, 
    "model": "diplomacy.subregion", 
    "fields": {
      "sr_type": "S", 
      "borders": [
        66, 
        68, 
        106
      ], 
      "territory": 38, 
      "subname": "", 
      "init_unit": true
    }
  }, 
  {
    "pk": 65, 
    "model": "diplomacy.subregion", 
    "fields": {
      "sr_type": "L", 
      "borders": [
        56, 
        63, 
        69, 
        71
      ], 
      "territory": 39, 
      "subname": "", 
      "init_unit": false
    }
  }, 
  {
    "pk": 66, 
    "model": "diplomacy.subregion", 
    "fields": {
      "sr_type": "S", 
      "borders": [
        57, 
        64, 
        106
      ], 
      "territory": 39, 
      "subname": "", 
      "init_unit": false
    }
  }, 
  {
    "pk": 67, 
    "model": "diplomacy.subregion", 
    "fields": {
      "sr_type": "L", 
      "borders": [
        63, 
        69, 
        77
      ], 
      "territory": 40, 
      "subname": "", 
      "init_unit": true
    }
  }, 
  {
    "pk": 68, 
    "model": "diplomacy.subregion", 
    "fields": {
      "sr_type": "S", 
      "borders": [
        64, 
        70, 
        78, 
        79, 
        103, 
        106
      ], 
      "territory": 40, 
      "subname": "", 
      "init_unit": false
    }
  }, 
  {
    "pk": 69, 
    "model": "diplomacy.subregion", 
    "fields": {
      "sr_type": "L", 
      "borders": [
        63, 
        65, 
        67, 
        71
      ], 
      "territory": 41, 
      "subname": "", 
      "init_unit": true
    }
  }, 
  {
    "pk": 70, 
    "model": "diplomacy.subregion", 
    "fields": {
      "sr_type": "S", 
      "borders": [
        68, 
        72, 
        103, 
        107
      ], 
      "territory": 41, 
      "subname": "", 
      "init_unit": false
    }
  }, 
  {
    "pk": 71, 
    "model": "diplomacy.subregion", 
    "fields": {
      "sr_type": "L", 
      "borders": [
        65, 
        69
      ], 
      "territory": 42, 
      "subname": "", 
      "init_unit": false
    }
  }, 
  {
    "pk": 72, 
    "model": "diplomacy.subregion", 
    "fields": {
      "sr_type": "S", 
      "borders": [
        70, 
        107
      ], 
      "territory": 42, 
      "subname": "", 
      "init_unit": false
    }
  }, 
  {
    "pk": 73, 
    "model": "diplomacy.subregion", 
    "fields": {
      "sr_type": "L", 
      "borders": [
        4, 
        82, 
        94
      ], 
      "territory": 43, 
      "subname": "", 
      "init_unit": false
    }
  }, 
  {
    "pk": 74, 
    "model": "diplomacy.subregion", 
    "fields": {
      "sr_type": "S", 
      "borders": [
        5, 
        83, 
        102, 
        112
      ], 
      "territory": 43, 
      "subname": "", 
      "init_unit": false
    }
  }, 
  {
    "pk": 75, 
    "model": "diplomacy.subregion", 
    "fields": {
      "sr_type": "L", 
      "borders": [
        22, 
        28, 
        37, 
        84
      ], 
      "territory": 44, 
      "subname": "", 
      "init_unit": false
    }
  }, 
  {
    "pk": 76, 
    "model": "diplomacy.subregion", 
    "fields": {
      "sr_type": "S", 
      "borders": [
        29, 
        85, 
        108, 
        116
      ], 
      "territory": 44, 
      "subname": "", 
      "init_unit": false
    }
  }, 
  {
    "pk": 77, 
    "model": "diplomacy.subregion", 
    "fields": {
      "sr_type": "L", 
      "borders": [
        67, 
        82, 
        92, 
        94
      ], 
      "territory": 45, 
      "subname": "", 
      "init_unit": false
    }
  }, 
  {
    "pk": 78, 
    "model": "diplomacy.subregion", 
    "fields": {
      "sr_type": "S", 
      "borders": [
        68, 
        93, 
        106
      ], 
      "territory": 45, 
      "subname": "EC", 
      "init_unit": false
    }
  }, 
  {
    "pk": 79, 
    "model": "diplomacy.subregion", 
    "fields": {
      "sr_type": "S", 
      "borders": [
        68, 
        83, 
        103
      ], 
      "territory": 45, 
      "subname": "SC", 
      "init_unit": false
    }
  }, 
  {
    "pk": 80, 
    "model": "diplomacy.subregion", 
    "fields": {
      "sr_type": "L", 
      "borders": [
        32, 
        98
      ], 
      "territory": 46, 
      "subname": "", 
      "init_unit": false
    }
  }, 
  {
    "pk": 81, 
    "model": "diplomacy.subregion", 
    "fields": {
      "sr_type": "S", 
      "borders": [
        33, 
        99, 
        104, 
        111, 
        116, 
        118
      ], 
      "territory": 46, 
      "subname": "", 
      "init_unit": false
    }
  }, 
  {
    "pk": 82, 
    "model": "diplomacy.subregion", 
    "fields": {
      "sr_type": "L", 
      "borders": [
        73, 
        77, 
        94
      ], 
      "territory": 47, 
      "subname": "", 
      "init_unit": false
    }
  }, 
  {
    "pk": 83, 
    "model": "diplomacy.subregion", 
    "fields": {
      "sr_type": "S", 
      "borders": [
        74, 
        79, 
        103, 
        112
      ], 
      "territory": 47, 
      "subname": "", 
      "init_unit": false
    }
  }, 
  {
    "pk": 84, 
    "model": "diplomacy.subregion", 
    "fields": {
      "sr_type": "L", 
      "borders": [
        32, 
        37, 
        75
      ], 
      "territory": 48, 
      "subname": "", 
      "init_unit": false
    }
  }, 
  {
    "pk": 85, 
    "model": "diplomacy.subregion", 
    "fields": {
      "sr_type": "S", 
      "borders": [
        33, 
        76, 
        111, 
        116
      ], 
      "territory": 48, 
      "subname": "", 
      "init_unit": false
    }
  }, 
  {
    "pk": 86, 
    "model": "diplomacy.subregion", 
    "fields": {
      "sr_type": "L", 
      "borders": [
        51, 
        58, 
        98
      ], 
      "territory": 49, 
      "subname": "", 
      "init_unit": false
    }
  }, 
  {
    "pk": 87, 
    "model": "diplomacy.subregion", 
    "fields": {
      "sr_type": "S", 
      "borders": [
        59, 
        99, 
        105, 
        116, 
        117, 
        118
      ], 
      "territory": 49, 
      "subname": "", 
      "init_unit": false
    }
  }, 
  {
    "pk": 88, 
    "model": "diplomacy.subregion", 
    "fields": {
      "sr_type": "L", 
      "borders": [
        100
      ], 
      "territory": 50, 
      "subname": "", 
      "init_unit": false
    }
  }, 
  {
    "pk": 89, 
    "model": "diplomacy.subregion", 
    "fields": {
      "sr_type": "S", 
      "borders": [
        101, 
        114, 
        120
      ], 
      "territory": 50, 
      "subname": "", 
      "init_unit": false
    }
  }, 
  {
    "pk": 90, 
    "model": "diplomacy.subregion", 
    "fields": {
      "sr_type": "L", 
      "borders": [
        95
      ], 
      "territory": 51, 
      "subname": "", 
      "init_unit": false
    }
  }, 
  {
    "pk": 91, 
    "model": "diplomacy.subregion", 
    "fields": {
      "sr_type": "S", 
      "borders": [
        96, 
        97, 
        114
      ], 
      "territory": 51, 
      "subname": "", 
      "init_unit": false
    }
  }, 
  {
    "pk": 92, 
    "model": "diplomacy.subregion", 
    "fields": {
      "sr_type": "L", 
      "borders": [
        2, 
        3, 
        56, 
        61, 
        77, 
        94
      ], 
      "territory": 52, 
      "subname": "", 
      "init_unit": false
    }
  }, 
  {
    "pk": 93, 
    "model": "diplomacy.subregion", 
    "fields": {
      "sr_type": "S", 
      "borders": [
        57, 
        78, 
        106
      ], 
      "territory": 52, 
      "subname": "", 
      "init_unit": false
    }
  }, 
  {
    "pk": 94, 
    "model": "diplomacy.subregion", 
    "fields": {
      "sr_type": "L", 
      "borders": [
        2, 
        4, 
        73, 
        77, 
        82, 
        92
      ], 
      "territory": 53, 
      "subname": "", 
      "init_unit": false
    }
  }, 
  {
    "pk": 95, 
    "model": "diplomacy.subregion", 
    "fields": {
      "sr_type": "L", 
      "borders": [
        23, 
        25, 
        90
      ], 
      "territory": 54, 
      "subname": "", 
      "init_unit": false
    }
  }, 
  {
    "pk": 96, 
    "model": "diplomacy.subregion", 
    "fields": {
      "sr_type": "S", 
      "borders": [
        24, 
        91, 
        114
      ], 
      "territory": 54, 
      "subname": "NC", 
      "init_unit": false
    }
  }, 
  {
    "pk": 97, 
    "model": "diplomacy.subregion", 
    "fields": {
      "sr_type": "S", 
      "borders": [
        26, 
        91, 
        110, 
        114, 
        120
      ], 
      "territory": 54, 
      "subname": "SC", 
      "init_unit": false
    }
  }, 
  {
    "pk": 98, 
    "model": "diplomacy.subregion", 
    "fields": {
      "sr_type": "L", 
      "borders": [
        51, 
        80, 
        86
      ], 
      "territory": 55, 
      "subname": "", 
      "init_unit": false
    }
  }, 
  {
    "pk": 99, 
    "model": "diplomacy.subregion", 
    "fields": {
      "sr_type": "S", 
      "borders": [
        52, 
        81, 
        87, 
        104, 
        109, 
        118
      ], 
      "territory": 55, 
      "subname": "", 
      "init_unit": false
    }
  }, 
  {
    "pk": 100, 
    "model": "diplomacy.subregion", 
    "fields": {
      "sr_type": "L", 
      "borders": [
        88
      ], 
      "territory": 56, 
      "subname": "", 
      "init_unit": false
    }
  }, 
  {
    "pk": 101, 
    "model": "diplomacy.subregion", 
    "fields": {
      "sr_type": "S", 
      "borders": [
        89, 
        112, 
        119, 
        120
      ], 
      "territory": 56, 
      "subname": "", 
      "init_unit": false
    }
  }, 
  {
    "pk": 102, 
    "model": "diplomacy.subregion", 
    "fields": {
      "sr_type": "S", 
      "borders": [
        5, 
        40, 
        50, 
        74, 
        112
      ], 
      "territory": 57, 
      "subname": "", 
      "init_unit": false
    }
  }, 
  {
    "pk": 103, 
    "model": "diplomacy.subregion", 
    "fields": {
      "sr_type": "S", 
      "borders": [
        68, 
        70, 
        79, 
        83, 
        107, 
        112
      ], 
      "territory": 58, 
      "subname": "", 
      "init_unit": false
    }
  }, 
  {
    "pk": 104, 
    "model": "diplomacy.subregion", 
    "fields": {
      "sr_type": "S", 
      "borders": [
        31, 
        33, 
        36, 
        54, 
        81, 
        99, 
        109
      ], 
      "territory": 59, 
      "subname": "", 
      "init_unit": false
    }
  }, 
  {
    "pk": 105, 
    "model": "diplomacy.subregion", 
    "fields": {
      "sr_type": "S", 
      "borders": [
        59, 
        87, 
        117
      ], 
      "territory": 60, 
      "subname": "", 
      "init_unit": false
    }
  }, 
  {
    "pk": 106, 
    "model": "diplomacy.subregion", 
    "fields": {
      "sr_type": "S", 
      "borders": [
        57, 
        64, 
        66, 
        68, 
        78, 
        93
      ], 
      "territory": 61, 
      "subname": "", 
      "init_unit": false
    }
  }, 
  {
    "pk": 107, 
    "model": "diplomacy.subregion", 
    "fields": {
      "sr_type": "S", 
      "borders": [
        70, 
        72, 
        103, 
        112
      ], 
      "territory": 62, 
      "subname": "", 
      "init_unit": false
    }
  }, 
  {
    "pk": 108, 
    "model": "diplomacy.subregion", 
    "fields": {
      "sr_type": "S", 
      "borders": [
        15, 
        17, 
        21, 
        29, 
        76, 
        113, 
        114, 
        116
      ], 
      "territory": 63, 
      "subname": "", 
      "init_unit": false
    }
  }, 
  {
    "pk": 109, 
    "model": "diplomacy.subregion", 
    "fields": {
      "sr_type": "S", 
      "borders": [
        52, 
        54, 
        60, 
        99, 
        104
      ], 
      "territory": 64, 
      "subname": "", 
      "init_unit": false
    }
  }, 
  {
    "pk": 110, 
    "model": "diplomacy.subregion", 
    "fields": {
      "sr_type": "S", 
      "borders": [
        26, 
        44, 
        48, 
        97, 
        119, 
        120
      ], 
      "territory": 65, 
      "subname": "", 
      "init_unit": false
    }
  }, 
  {
    "pk": 111, 
    "model": "diplomacy.subregion", 
    "fields": {
      "sr_type": "S", 
      "borders": [
        33, 
        81, 
        85, 
        116
      ], 
      "territory": 66, 
      "subname": "", 
      "init_unit": false
    }
  }, 
  {
    "pk": 112, 
    "model": "diplomacy.subregion", 
    "fields": {
      "sr_type": "S", 
      "borders": [
        40, 
        42, 
        74, 
        83, 
        101, 
        102, 
        103, 
        107, 
        119
      ], 
      "territory": 67, 
      "subname": "", 
      "init_unit": false
    }
  }, 
  {
    "pk": 113, 
    "model": "diplomacy.subregion", 
    "fields": {
      "sr_type": "S", 
      "borders": [
        13, 
        17, 
        108, 
        114, 
        115
      ], 
      "territory": 68, 
      "subname": "", 
      "init_unit": false
    }
  }, 
  {
    "pk": 114, 
    "model": "diplomacy.subregion", 
    "fields": {
      "sr_type": "S", 
      "borders": [
        21, 
        24, 
        89, 
        91, 
        96, 
        97, 
        108, 
        113, 
        115, 
        120
      ], 
      "territory": 69, 
      "subname": "", 
      "init_unit": false
    }
  }, 
  {
    "pk": 115, 
    "model": "diplomacy.subregion", 
    "fields": {
      "sr_type": "S", 
      "borders": [
        9, 
        13, 
        113, 
        114, 
        117
      ], 
      "territory": 70, 
      "subname": "", 
      "init_unit": false
    }
  }, 
  {
    "pk": 116, 
    "model": "diplomacy.subregion", 
    "fields": {
      "sr_type": "S", 
      "borders": [
        11, 
        15, 
        19, 
        76, 
        81, 
        85, 
        87, 
        108, 
        111, 
        117, 
        118
      ], 
      "territory": 71, 
      "subname": "", 
      "init_unit": false
    }
  }, 
  {
    "pk": 117, 
    "model": "diplomacy.subregion", 
    "fields": {
      "sr_type": "S", 
      "borders": [
        9, 
        11, 
        87, 
        105, 
        115, 
        116
      ], 
      "territory": 72, 
      "subname": "", 
      "init_unit": false
    }
  }, 
  {
    "pk": 118, 
    "model": "diplomacy.subregion", 
    "fields": {
      "sr_type": "S", 
      "borders": [
        81, 
        87, 
        99, 
        116
      ], 
      "territory": 73, 
      "subname": "", 
      "init_unit": false
    }
  }, 
  {
    "pk": 119, 
    "model": "diplomacy.subregion", 
    "fields": {
      "sr_type": "S", 
      "borders": [
        42, 
        46, 
        48, 
        101, 
        110, 
        112, 
        120
      ], 
      "territory": 74, 
      "subname": "", 
      "init_unit": false
    }
  }, 
  {
    "pk": 120, 
    "model": "diplomacy.subregion", 
    "fields": {
      "sr_type": "S", 
      "borders": [
        89, 
        97, 
        101, 
        110, 
        114, 
        119
      ], 
      "territory": 75, 
      "subname": "", 
      "init_unit": false
    }
  }
]